case_index,ref_mean_ms,ref_median_ms,ref_min_ms,ref_max_ms,ref_stdev_ms,tl_mean_ms,tl_median_ms,tl_min_ms,tl_max_ms,tl_stdev_ms,ac_mean_ms,ac_median_ms,ac_min_ms,ac_max_ms,ac_stdev_ms,ac_vs_ref_speedup,tl_vs_ref_speedup
0,7.8191,7.7930,7.6863,8.1528,0.1309,5.6638,5.6734,5.5799,5.7122,0.0392,6.3899,6.3872,6.3087,6.4841,0.0630,1.224,1.381
1,7.6875,7.6492,7.6177,8.0599,0.1320,5.6405,5.6434,5.6031,5.6862,0.0275,6.3826,6.3654,6.3145,6.4718,0.0554,1.204,1.363
2,7.6409,7.5488,7.3943,8.2451,0.2510,5.6786,5.6731,5.6334,5.7812,0.0444,6.4032,6.4112,6.3312,6.4959,0.0560,1.193,1.346
3,8.5257,7.6311,7.4580,11.9785,1.7540,5.7070,5.6769,5.6107,6.0519,0.1255,6.5618,6.4311,6.3249,7.8254,0.4474,1.299,1.494
4,7.9326,7.8254,7.4856,8.7464,0.4428,5.6677,5.6511,5.5948,5.7267,0.0439,6.3902,6.3985,6.2955,6.4462,0.0516,1.241,1.400
5,7.5442,7.5308,7.4045,7.6800,0.0839,5.7571,5.7178,5.6458,6.2772,0.1870,6.4194,6.4168,6.3462,6.4986,0.0525,1.175,1.310
6,7.3657,7.3492,7.2710,7.4985,0.0746,6.0091,5.8894,5.7710,6.4905,0.2674,6.4624,6.4120,6.3501,6.7408,0.1450,1.140,1.226
7,7.5027,7.5111,7.4057,7.6198,0.0693,5.7317,5.7476,5.6353,5.8082,0.0578,6.4563,6.4578,6.3479,6.5247,0.0539,1.162,1.309
8,7.4040,7.3224,7.2482,7.9222,0.2046,5.6965,5.6861,5.6331,5.7722,0.0511,6.5376,6.4613,6.3682,7.0780,0.2194,1.133,1.300
9,7.6124,7.5480,7.3903,8.1606,0.2150,5.7121,5.7094,5.6457,5.7997,0.0516,6.4206,6.4056,6.3438,6.5112,0.0558,1.186,1.333
10,7.8699,7.9312,7.3328,8.6204,0.3844,5.7181,5.7176,5.6903,5.7663,0.0236,6.4353,6.4377,6.3380,6.5395,0.0578,1.223,1.376
11,7.6123,7.5280,7.3841,8.6008,0.3545,5.7150,5.7135,5.6562,5.7769,0.0350,10.3767,10.8048,7.0522,13.1504,2.1007,0.734,1.332
12,7.0378,6.9276,6.8531,8.0734,0.3681,5.7190,5.6770,5.5807,5.9532,0.1237,6.4152,6.4157,6.3219,6.6381,0.0902,1.097,1.231
13,9.4776,7.4492,7.3363,21.6535,4.6912,5.6911,5.6751,5.5987,5.8813,0.0828,7.9273,6.8170,6.2985,11.6277,2.1509,1.196,1.665
14,7.3793,7.3654,7.2862,7.5140,0.0706,5.6307,5.6174,5.5802,5.6870,0.0366,6.3662,6.3785,6.2930,6.4192,0.0424,1.159,1.311
15,7.3193,7.3368,7.1885,7.4067,0.0688,5.6390,5.6266,5.5797,5.7301,0.0472,7.3963,6.4548,6.3472,11.8302,1.9818,0.990,1.298
16,7.5890,7.5541,7.4200,7.8855,0.1420,5.6204,5.6088,5.5610,5.7113,0.0457,6.3642,6.3798,6.2808,6.4116,0.0468,1.192,1.350
17,7.8335,7.6256,7.5053,9.9137,0.7344,5.6337,5.6172,5.5761,5.7037,0.0440,7.5443,6.4625,6.3527,16.9818,3.3186,1.038,1.390
18,7.4815,7.4826,7.4204,7.5728,0.0475,5.6412,5.6423,5.5902,5.6883,0.0351,6.3888,6.4035,6.2992,6.4354,0.0470,1.171,1.326
19,7.4702,7.4653,7.4191,7.5679,0.0429,5.6435,5.6550,5.5783,5.6860,0.0356,6.3948,6.4039,6.3019,6.4964,0.0661,1.168,1.324
20,7.5400,7.5122,7.4550,7.7294,0.0938,5.6316,5.6344,5.5550,5.6710,0.0368,6.4168,6.4138,6.3229,6.5176,0.0720,1.175,1.339
21,8.1990,7.3231,7.1010,14.7460,2.3251,5.6767,5.6679,5.6397,5.7647,0.0380,6.4060,6.4091,6.3133,6.5134,0.0632,1.280,1.444
22,8.2393,7.6166,7.4271,11.6914,1.3371,5.6980,5.6907,5.6294,5.8532,0.0648,6.4006,6.4059,6.2984,6.4987,0.0674,1.287,1.446
23,7.4644,7.4541,7.3408,7.6671,0.1055,5.6648,5.6602,5.6212,5.7195,0.0323,6.3912,6.4022,6.2900,6.5066,0.0706,1.168,1.318
24,13.6923,13.5702,13.4694,14.6281,0.3468,11.1414,11.0627,10.8368,11.9089,0.2972,13.8586,12.8244,12.6987,19.8211,2.2531,0.988,1.229
25,13.4687,13.4672,13.3469,13.6000,0.0828,10.8062,10.7884,10.7063,10.9583,0.0832,12.8463,12.8060,12.6757,13.0743,0.1393,1.048,1.246
26,13.4979,13.4933,13.3867,13.6378,0.0789,10.7498,10.7729,10.6086,10.8371,0.0744,12.4809,12.4716,12.2593,12.7376,0.1448,1.081,1.256
27,12.6432,12.6281,12.5836,12.7381,0.0530,11.2472,10.9880,10.8110,13.5927,0.8397,12.9007,12.8862,12.6371,13.0709,0.1417,0.980,1.124
28,14.0359,13.7217,13.5574,16.4063,0.8536,10.9703,10.7836,10.6479,12.4750,0.5519,12.4220,12.4095,12.2004,12.6822,0.1502,1.130,1.279
29,13.8497,13.6712,13.4657,14.8594,0.4363,10.9586,10.9095,10.7543,11.2513,0.1742,12.9676,12.9154,12.7403,13.2245,0.1778,1.068,1.264
30,13.8302,13.6056,13.2838,15.4461,0.6621,11.2632,11.2734,11.1484,11.3326,0.0551,12.5466,12.5318,12.2889,12.8228,0.1617,1.102,1.228
31,13.3797,13.3410,13.2547,13.5824,0.1098,10.9547,10.8173,10.6329,11.8852,0.3511,12.8891,12.8689,12.6796,13.0710,0.1358,1.038,1.221
32,13.4202,13.3476,13.2568,13.8909,0.2072,11.1865,11.1477,11.0193,11.7087,0.1991,12.3629,12.3616,12.1225,12.6330,0.1411,1.086,1.200
33,13.2940,13.2728,12.9882,13.6939,0.2010,10.7831,10.7737,10.6697,10.9728,0.1028,12.8432,12.8349,12.6100,13.0318,0.1466,1.035,1.233
34,13.5294,13.4765,13.1426,14.0960,0.3065,11.1238,11.0881,10.9692,11.4272,0.1323,12.3301,12.3472,12.0883,12.5451,0.1359,1.097,1.216
35,13.2750,13.2036,13.1774,13.8672,0.2103,10.7728,10.7456,10.6649,11.0319,0.1049,13.0958,12.9791,12.8229,13.9289,0.3458,1.014,1.232
36,0.4053,0.4066,0.3982,0.4115,0.0040,1.0035,1.0004,0.9829,1.0248,0.0124,0.8730,0.8696,0.8596,0.8965,0.0122,0.464,0.404
37,0.4303,0.3989,0.3924,0.5117,0.0502,0.9851,0.9848,0.9662,1.0006,0.0104,0.8290,0.8322,0.8100,0.8508,0.0132,0.519,0.437
38,0.4543,0.4082,0.3804,0.7163,0.1064,0.9709,0.9680,0.9600,0.9845,0.0082,0.8398,0.8385,0.8252,0.8572,0.0119,0.541,0.468
39,0.2278,0.2241,0.2213,0.2530,0.0095,0.6808,0.6769,0.6694,0.7027,0.0104,0.4579,0.4569,0.4549,0.4679,0.0037,0.498,0.335
40,0.2236,0.2224,0.2194,0.2311,0.0037,0.6861,0.6808,0.6730,0.7125,0.0136,0.4606,0.4607,0.4550,0.4662,0.0039,0.486,0.326
41,0.2230,0.2232,0.2183,0.2284,0.0033,0.6745,0.6735,0.6665,0.6857,0.0054,0.4592,0.4566,0.4531,0.4779,0.0076,0.486,0.331
42,85.4028,80.3355,78.4147,109.9368,11.5460,135.3733,135.5420,134.4797,136.0457,0.6004,157.4569,158.1221,155.3427,159.0532,1.6688,0.542,0.631
43,4.2753,2.4730,2.1940,16.5565,4.4139,6.6157,6.6171,6.5521,6.6940,0.0512,7.3774,7.4097,7.2592,7.4452,0.0672,0.580,0.646
44,66.1959,66.2226,65.5166,66.6815,0.3743,100.8354,100.8841,100.0684,101.7312,0.6058,118.3733,119.0517,116.6097,119.1989,1.1395,0.559,0.656
45,0.2244,0.2228,0.2142,0.2397,0.0087,0.7846,0.7817,0.7727,0.8102,0.0120,0.5195,0.5183,0.5106,0.5363,0.0078,0.432,0.286
46,0.2304,0.2283,0.2246,0.2416,0.0057,0.7978,0.7949,0.7912,0.8224,0.0093,0.5138,0.5122,0.5082,0.5267,0.0051,0.448,0.289
47,0.2240,0.2228,0.2192,0.2348,0.0049,0.8006,0.7992,0.7899,0.8152,0.0083,0.5106,0.5096,0.5059,0.5199,0.0044,0.439,0.280
48,0.3783,0.3799,0.3628,0.3941,0.0100,0.9109,0.9098,0.8941,0.9364,0.0148,0.7499,0.7501,0.7426,0.7575,0.0044,0.504,0.415
49,0.2908,0.2838,0.2793,0.3226,0.0155,0.7572,0.7563,0.7430,0.7788,0.0110,0.5722,0.5706,0.5663,0.5846,0.0053,0.508,0.384
50,0.3799,0.3737,0.3670,0.4326,0.0191,0.9002,0.8983,0.8919,0.9233,0.0094,0.7532,0.7516,0.7447,0.7695,0.0080,0.504,0.422
51,0.2246,0.2230,0.2188,0.2407,0.0067,0.6839,0.6823,0.6768,0.6959,0.0062,0.4892,0.4855,0.4779,0.5331,0.0159,0.459,0.328
52,0.2253,0.2248,0.2178,0.2388,0.0062,0.6862,0.6819,0.6793,0.7032,0.0083,0.4881,0.4856,0.4806,0.5031,0.0069,0.462,0.328
53,0.2303,0.2249,0.2187,0.2614,0.0129,0.6863,0.6853,0.6741,0.7035,0.0077,0.4905,0.4888,0.4801,0.5084,0.0076,0.470,0.336
54,78.7257,78.5911,77.9823,80.8249,0.8221,135.2011,135.1437,133.4224,137.6018,1.2220,157.0304,156.5974,155.2512,158.8929,1.6026,0.501,0.582
55,1.3291,1.3029,1.2674,1.4732,0.0754,3.5587,3.5611,3.5464,3.5689,0.0091,3.8393,3.8345,3.7892,3.8977,0.0342,0.346,0.373
56,83.5529,82.1171,81.4363,91.4415,3.2586,133.4778,133.6024,131.9611,134.5369,0.8014,155.4640,156.2473,153.2985,157.3359,1.6469,0.537,0.626
57,0.4803,0.4011,0.3683,0.8176,0.1772,1.5660,1.5682,1.5462,1.5823,0.0118,1.4625,1.4610,1.4370,1.5021,0.0188,0.328,0.307
58,0.3597,0.3596,0.3264,0.4116,0.0262,1.1656,1.1647,1.1491,1.2088,0.0177,0.9244,0.9235,0.9134,0.9353,0.0068,0.389,0.309
59,0.4097,0.4029,0.3910,0.4425,0.0190,1.5233,1.5233,1.5021,1.5420,0.0128,1.3485,1.3437,1.3331,1.3803,0.0138,0.304,0.269
60,0.7099,0.7078,0.6998,0.7232,0.0085,1.7540,1.7437,1.7089,1.8772,0.0485,1.6023,1.6061,1.5765,1.6357,0.0191,0.443,0.405
61,0.6863,0.6861,0.6779,0.6939,0.0050,1.7386,1.7424,1.6885,1.7590,0.0203,1.5930,1.5932,1.5535,1.6385,0.0240,0.431,0.395
62,0.8102,0.7848,0.7570,0.9440,0.0644,1.7607,1.7504,1.6824,1.8680,0.0535,1.5900,1.5909,1.5414,1.6114,0.0195,0.510,0.460
63,0.5836,0.5807,0.5742,0.6123,0.0108,1.1983,1.1946,1.1702,1.2337,0.0179,0.9861,0.9825,0.9676,1.0078,0.0138,0.592,0.487
64,0.5545,0.5513,0.5474,0.5728,0.0076,1.8117,1.2851,1.2114,5.8555,1.4314,1.0049,1.0118,0.9811,1.0188,0.0140,0.552,0.306
65,0.5598,0.5564,0.5487,0.5807,0.0102,1.2504,1.2427,1.2248,1.2862,0.0217,0.9769,0.9788,0.9508,1.0010,0.0160,0.573,0.448
66,153.5623,150.9984,150.1792,160.9900,4.3585,255.8847,255.5748,253.4594,258.5760,1.8574,303.9874,304.2058,300.4336,308.0013,3.2408,0.505,0.600
67,128.8915,124.5461,123.8313,146.5110,8.6572,205.2653,205.2343,202.6337,206.8432,1.1717,242.4718,240.6398,240.0908,246.2775,2.7011,0.532,0.628
68,163.9391,163.5094,161.7380,168.6851,2.3069,258.0788,257.7681,257.5940,259.4776,0.7420,302.8294,301.5452,299.3477,307.3915,3.2995,0.541,0.635
69,0.6956,0.6941,0.6681,0.7281,0.0205,1.6932,1.6959,1.6398,1.7285,0.0232,1.6244,1.6252,1.5927,1.6562,0.0234,0.428,0.411
70,0.6275,0.6271,0.6085,0.6532,0.0137,1.2455,1.2421,1.2298,1.2756,0.0128,1.0481,1.0332,1.0132,1.1084,0.0349,0.599,0.504
71,0.7116,0.6390,0.6141,1.2819,0.2022,1.2374,1.2349,1.2244,1.2625,0.0113,1.0562,1.0294,1.0101,1.2478,0.0694,0.674,0.575
72,0.7484,0.7267,0.6525,0.9421,0.0869,1.7434,1.7317,1.7148,1.8454,0.0373,1.6496,1.6477,1.5898,1.7005,0.0282,0.454,0.429
73,0.8122,0.7311,0.6710,1.2088,0.2041,1.7159,1.7226,1.6901,1.7493,0.0188,1.6614,1.6463,1.6085,1.7599,0.0419,0.489,0.473
74,0.8159,0.7661,0.6981,1.1929,0.1613,1.7325,1.7374,1.7011,1.7632,0.0195,1.6461,1.6519,1.5971,1.6697,0.0226,0.496,0.471
75,0.5960,0.5828,0.5774,0.7127,0.0412,1.2755,1.2346,1.2056,1.6213,0.1240,1.0268,1.0249,0.9934,1.0500,0.0198,0.580,0.467
76,0.5565,0.5560,0.5386,0.5882,0.0153,1.2527,1.2541,1.2151,1.2811,0.0185,1.9418,1.1121,1.0361,6.4253,1.8423,0.287,0.444
77,0.6242,0.6239,0.6020,0.6450,0.0144,1.2582,1.2575,1.2263,1.2819,0.0161,1.1765,1.1112,1.0778,1.7852,0.2143,0.531,0.496
78,153.2708,152.9183,152.4756,156.0086,1.0074,255.7652,255.7597,253.0775,259.1959,1.7978,304.1261,303.3767,300.2042,308.6811,3.3652,0.504,0.599
79,128.9389,128.0426,125.9540,134.5403,3.0289,204.1520,203.8113,202.2497,207.9879,1.6341,242.9643,241.2943,240.0805,248.5576,2.9481,0.531,0.632
80,126.9112,126.7417,125.6532,130.5168,1.3299,206.1311,205.8939,203.8103,207.9445,1.3628,243.0427,241.5824,239.5029,248.9476,3.2254,0.522,0.616
81,3.4935,0.8983,0.7662,26.4017,8.0515,1.8043,1.8052,1.7647,1.8381,0.0232,1.6352,1.6304,1.6053,1.6972,0.0283,2.136,1.936
82,0.8220,0.7778,0.7105,1.0108,0.1140,1.3419,1.3405,1.3148,1.3765,0.0216,1.0977,1.0979,1.0674,1.1217,0.0147,0.749,0.613
83,2.6538,1.7763,0.8826,6.9357,2.2235,1.3480,1.3484,1.3331,1.3789,0.0141,1.1184,1.1195,1.0876,1.1377,0.0148,2.373,1.969
84,2.4512,0.8094,0.4859,17.8149,5.4012,1.0502,1.0438,1.0298,1.0848,0.0167,0.8470,0.8450,0.8163,0.8824,0.0225,2.894,2.334
85,0.6512,0.6320,0.4631,0.8727,0.1398,1.0297,1.0280,1.0150,1.0607,0.0124,0.8103,0.8139,0.7936,0.8234,0.0102,0.804,0.632
86,0.7034,0.7267,0.5257,0.8340,0.1009,1.0202,1.0225,0.9903,1.0446,0.0173,0.8700,0.8748,0.8450,0.8932,0.0166,0.809,0.689
87,0.2953,0.2988,0.2420,0.3390,0.0364,0.7620,0.7618,0.7447,0.7830,0.0120,0.5286,0.5281,0.5087,0.5666,0.0185,0.559,0.387
88,0.2534,0.2439,0.2374,0.3263,0.0269,0.7645,0.7634,0.7470,0.7906,0.0139,0.5255,0.5286,0.4948,0.5667,0.0242,0.482,0.331
89,0.2432,0.2423,0.2327,0.2598,0.0084,0.7714,0.7755,0.7433,0.8025,0.0203,0.5308,0.5336,0.5057,0.5623,0.0221,0.458,0.315
90,83.2357,82.8046,81.8708,88.2881,1.8780,184.0610,183.8919,183.5016,186.0457,0.7429,217.0172,217.1677,214.6783,219.1045,1.8662,0.384,0.452
91,1.3939,1.3878,1.3769,1.4367,0.0188,3.7603,3.7569,3.7051,3.8666,0.0438,4.1129,4.1204,4.0506,4.1791,0.0369,0.339,0.371
92,84.2335,83.9401,82.8826,87.0342,1.2478,154.1099,153.4863,153.2774,156.0935,1.1081,183.3240,183.2903,181.3574,185.5627,1.9448,0.459,0.547
93,0.8525,0.8321,0.8126,1.0586,0.0732,2.0687,2.0685,2.0424,2.1116,0.0190,2.1678,2.1188,2.0934,2.5905,0.1500,0.393,0.412
94,0.6573,0.6436,0.6272,0.7761,0.0448,1.5880,1.5879,1.5752,1.6054,0.0104,1.6101,1.6091,1.5929,1.6291,0.0140,0.408,0.414
95,0.8489,0.8343,0.8225,0.9457,0.0400,1.9855,1.9891,1.9547,2.0109,0.0187,2.0362,2.0367,2.0111,2.0668,0.0196,0.417,0.428
96,0.8261,0.8139,0.7454,0.9762,0.0627,1.0606,1.0571,1.0456,1.0905,0.0126,0.9953,0.9886,0.9464,1.1544,0.0598,0.830,0.779
97,0.6095,0.6069,0.5741,0.6563,0.0281,0.9648,0.9668,0.9534,0.9764,0.0081,0.8566,0.8599,0.8217,0.8942,0.0250,0.712,0.632
98,0.6532,0.6261,0.6197,0.8104,0.0593,0.9971,0.9962,0.9875,1.0148,0.0092,0.9007,0.9017,0.8670,0.9429,0.0225,0.725,0.655
99,0.2649,0.2528,0.2403,0.3374,0.0332,0.6877,0.6875,0.6682,0.7048,0.0103,0.5282,0.5303,0.4954,0.5574,0.0217,0.501,0.385
100,0.2529,0.2514,0.2423,0.2715,0.0106,0.7003,0.6998,0.6865,0.7177,0.0102,0.5266,0.5232,0.5017,0.5749,0.0238,0.480,0.361
101,0.2462,0.2436,0.2380,0.2585,0.0073,0.6941,0.6891,0.6763,0.7340,0.0165,0.5278,0.5307,0.5078,0.5639,0.0191,0.467,0.355
102,86.4563,81.4826,80.5616,107.7821,9.1612,182.8445,181.8683,181.7353,190.9755,2.8646,216.5932,215.0913,214.7882,219.4486,2.1409,0.399,0.473
103,26.6761,26.4498,25.3485,31.0258,1.7053,52.0995,52.1118,51.5619,52.9386,0.3808,61.2924,61.3186,60.5968,62.0041,0.5736,0.435,0.512
104,76.7305,76.2813,75.8992,80.5032,1.3536,155.4065,155.2614,154.9486,156.0608,0.3462,182.8861,182.9255,180.6889,184.8597,1.9038,0.420,0.494
105,0.7768,0.7381,0.5792,1.3961,0.2450,1.8843,1.8858,1.8516,1.9081,0.0171,1.7733,1.7770,1.7467,1.7904,0.0144,0.438,0.412
106,0.6447,0.6260,0.4386,1.1518,0.2138,1.5929,1.5955,1.5681,1.6100,0.0162,1.5220,1.5209,1.5059,1.5525,0.0141,0.424,0.405
107,0.5772,0.5604,0.5237,0.6456,0.0402,1.8426,1.8380,1.8169,1.8859,0.0222,1.6946,1.6932,1.6737,1.7348,0.0169,0.341,0.313
108,0.5309,0.4267,0.3978,0.9900,0.2289,2.2372,2.2327,2.2003,2.2858,0.0266,2.1764,2.1752,2.1363,2.2086,0.0216,0.244,0.237
109,0.4481,0.4084,0.3769,0.5618,0.0753,2.1915,2.1946,2.1618,2.2087,0.0164,2.1950,2.1858,2.1078,2.3377,0.0698,0.204,0.204
110,0.5380,0.4447,0.4148,0.9644,0.2169,2.1845,2.1763,2.1426,2.2585,0.0333,2.9188,2.2807,2.1674,8.2266,1.8725,0.184,0.246
111,0.5155,0.4192,0.3913,0.8949,0.2014,2.2938,2.2372,2.1765,2.8864,0.2103,2.2129,2.2191,2.1649,2.2716,0.0319,0.233,0.225
112,1.2666,0.5505,0.4331,4.4393,1.3721,1.4620,1.4741,1.3825,1.5306,0.0397,1.3890,1.3824,1.3549,1.4259,0.0213,0.912,0.866
113,2.6318,0.5404,0.3610,21.4655,6.6190,2.2006,2.1954,2.1662,2.2578,0.0332,2.1565,2.1551,2.1179,2.2002,0.0315,1.220,1.196
114,85.8836,85.7047,81.0158,92.0192,4.4509,357.4508,356.6100,355.5401,361.7514,2.3058,426.3642,426.4846,421.1594,434.9576,4.7624,0.201,0.240
115,69.8363,69.5107,66.0184,74.2748,3.1376,284.9033,284.4663,283.9689,288.3298,1.2994,340.4780,340.5647,336.0256,344.5365,3.7489,0.205,0.245
116,77.5705,76.5059,76.3060,84.4533,2.6220,345.5991,345.4046,340.7842,349.5906,2.3501,413.3805,416.4007,407.3074,417.2784,4.4433,0.188,0.224
117,0.5556,0.5501,0.5387,0.6211,0.0237,1.4103,1.4117,1.3830,1.4367,0.0169,1.2856,1.2818,1.2541,1.3218,0.0218,0.432,0.394
118,0.5523,0.5630,0.4940,0.6205,0.0398,1.4470,1.4411,1.4159,1.5129,0.0269,1.2942,1.2885,1.2461,1.3575,0.0407,0.427,0.382
119,0.5629,0.5541,0.5397,0.6181,0.0244,1.4189,1.4111,1.3847,1.5282,0.0408,1.2838,1.2763,1.2501,1.3266,0.0217,0.438,0.397
120,1.0359,1.0340,1.0219,1.0534,0.0110,2.1169,2.1091,2.1017,2.1477,0.0163,2.0995,2.0833,2.0695,2.2320,0.0485,0.493,0.489
121,0.9581,0.9538,0.9502,0.9758,0.0095,2.1237,2.1401,2.0736,2.1665,0.0322,2.1822,2.1481,2.0728,2.3596,0.1051,0.439,0.451
122,0.9902,0.9888,0.9800,1.0094,0.0080,2.1331,2.1281,2.0847,2.2035,0.0388,2.0806,2.0720,2.0289,2.1380,0.0387,0.476,0.464
123,0.9643,0.9640,0.9459,0.9755,0.0090,2.1323,2.1300,2.0804,2.1742,0.0334,2.1879,2.2141,2.0502,2.2536,0.0700,0.441,0.452
124,0.9686,0.9647,0.9598,0.9878,0.0084,2.1564,2.1448,2.0894,2.2795,0.0533,2.0873,2.0713,2.0545,2.1367,0.0306,0.464,0.449
125,0.9155,0.9654,0.5720,1.2165,0.2200,2.1611,2.1441,2.0760,2.3107,0.0695,2.2542,2.1311,2.0678,3.4226,0.4127,0.406,0.424
126,82.0596,81.5158,81.0630,83.8735,1.0407,359.0538,359.2944,351.7152,365.2275,3.2882,426.7721,429.7254,421.1766,430.8266,4.4761,0.192,0.229
127,31.2466,30.8624,30.6716,34.9085,1.2919,143.5782,143.3642,142.4380,145.3645,0.9186,170.3326,169.3165,168.4288,172.6075,1.6259,0.183,0.218
128,65.6863,65.7264,65.2404,66.2384,0.2981,284.7336,284.4760,283.9851,287.4217,1.0040,340.6480,341.7341,335.9698,344.5459,3.4344,0.193,0.231
129,0.7739,0.7374,0.7348,0.9698,0.0787,1.5170,1.5159,1.4955,1.5461,0.0166,1.3752,1.3809,1.3269,1.4011,0.0237,0.563,0.510
130,0.6967,0.6947,0.6794,0.7316,0.0146,1.5003,1.5014,1.4741,1.5234,0.0160,1.3900,1.3950,1.3501,1.4169,0.0238,0.501,0.464
131,0.8045,0.7892,0.5978,1.1645,0.1701,1.5266,1.5257,1.4820,1.5577,0.0204,1.4010,1.4002,1.3474,1.4826,0.0366,0.574,0.527
132,0.8662,0.8659,0.8553,0.8767,0.0081,1.1646,1.1605,1.1543,1.1916,0.0122,1.0729,1.0735,1.0598,1.0941,0.0107,0.807,0.744
133,1.4335,0.8382,0.8338,6.7466,1.8669,1.1163,1.1134,1.1049,1.1417,0.0114,1.0144,1.0138,0.9957,1.0467,0.0166,1.413,1.284
134,0.8734,0.6507,0.5788,1.3941,0.3382,1.1139,1.1117,1.1052,1.1266,0.0073,1.0231,1.0181,1.0020,1.0524,0.0171,0.854,0.784
135,0.2701,0.2405,0.2313,0.4563,0.0705,0.5468,0.5451,0.5388,0.5681,0.0086,0.3195,0.3185,0.3161,0.3251,0.0028,0.845,0.494
136,0.2864,0.2846,0.2755,0.2959,0.0066,0.5477,0.5447,0.5420,0.5627,0.0069,0.3225,0.3190,0.3150,0.3545,0.0117,0.888,0.523
137,0.2957,0.2966,0.2884,0.3072,0.0052,0.5482,0.5434,0.5384,0.5694,0.0108,0.3246,0.3193,0.3165,0.3612,0.0132,0.911,0.539
138,79.1089,78.4218,77.7945,81.6305,1.3527,233.6400,233.5251,233.2853,234.4117,0.3748,277.0668,277.0968,274.0480,279.9894,3.0176,0.286,0.339
139,8.8591,8.8254,8.7828,9.0497,0.0829,21.7759,21.6544,21.6463,22.4422,0.2686,25.5243,25.5332,25.2308,25.8009,0.2864,0.347,0.407
140,79.8448,79.3032,78.8504,83.5554,1.4333,218.4903,218.1998,218.1365,220.9943,0.8834,259.6524,259.6999,256.7947,262.5107,2.9096,0.308,0.365
141,0.4456,0.4455,0.4339,0.4631,0.0094,2.5502,2.5479,2.5108,2.5834,0.0236,2.6468,2.6493,2.6162,2.6877,0.0196,0.168,0.175
142,0.4513,0.4009,0.3759,0.5873,0.0924,2.1871,2.1791,2.1359,2.2248,0.0326,2.2079,2.2021,2.1736,2.2463,0.0230,0.204,0.206
143,0.4481,0.4181,0.3901,0.5880,0.0659,2.3920,2.3822,2.3722,2.4447,0.0233,2.4977,2.4936,2.4610,2.5349,0.0214,0.179,0.187
144,0.3100,0.3094,0.3015,0.3246,0.0066,0.5091,0.5061,0.5006,0.5382,0.0110,0.2943,0.2927,0.2908,0.3101,0.0057,1.053,0.609
145,0.3015,0.3022,0.2920,0.3112,0.0073,0.5479,0.5428,0.5339,0.5870,0.0161,0.2978,0.2952,0.2873,0.3203,0.0096,1.012,0.550
146,0.3107,0.3033,0.2954,0.3595,0.0188,0.5167,0.5095,0.5043,0.5758,0.0213,0.2944,0.2925,0.2900,0.3110,0.0061,1.055,0.601
147,0.2752,0.2754,0.2683,0.2793,0.0035,0.5181,0.5172,0.5110,0.5270,0.0058,0.2785,0.2759,0.2706,0.2973,0.0083,0.988,0.531
148,0.2822,0.2769,0.2728,0.3024,0.0108,0.5296,0.5220,0.5076,0.5951,0.0263,0.2789,0.2763,0.2735,0.2958,0.0071,1.012,0.533
149,0.2804,0.2738,0.2690,0.3156,0.0141,0.5170,0.5165,0.5094,0.5251,0.0054,0.2796,0.2764,0.2737,0.2974,0.0087,1.003,0.542
150,83.5697,83.1084,82.0219,86.6830,1.3903,233.4095,233.2480,233.1223,234.0950,0.3339,277.5469,277.6138,274.8707,280.2098,2.6578,0.301,0.358
151,2.6206,2.3424,2.2531,4.9989,0.8427,11.1372,11.0959,11.0717,11.3084,0.0852,12.8965,12.8973,12.7784,13.0336,0.1220,0.203,0.235
152,92.5529,92.4776,84.4786,101.0872,4.4018,232.0886,232.1416,231.6984,232.5148,0.2499,276.8274,276.5078,273.6491,284.4704,3.5796,0.334,0.399
153,0.2947,0.2902,0.2714,0.3174,0.0145,0.5751,0.5726,0.5607,0.5952,0.0102,0.3802,0.3786,0.3756,0.3976,0.0065,0.775,0.512
154,0.2716,0.2645,0.2470,0.3133,0.0245,0.5261,0.5234,0.5157,0.5551,0.0117,0.3157,0.3116,0.3094,0.3371,0.0098,0.860,0.516
155,0.3023,0.3010,0.2832,0.3320,0.0153,0.5637,0.5617,0.5584,0.5798,0.0064,0.3822,0.3806,0.3729,0.4091,0.0102,0.791,0.536
156,0.4324,0.4239,0.4088,0.4796,0.0243,2.2610,2.2593,2.2533,2.2756,0.0074,2.3730,2.3738,2.3100,2.4459,0.0616,0.182,0.191
157,0.4238,0.4142,0.3727,0.5175,0.0449,2.5433,2.2316,2.1925,3.5060,0.4712,2.3900,2.3875,2.3691,2.4309,0.0202,0.177,0.167
158,0.3818,0.3743,0.3662,0.4126,0.0163,2.3513,2.2665,2.2497,3.0125,0.2360,2.3750,2.3736,2.3490,2.4013,0.0216,0.161,0.162
159,0.3522,0.3476,0.3305,0.3897,0.0202,2.6006,2.3980,2.3007,3.7277,0.4621,2.2988,2.3001,2.2789,2.3205,0.0146,0.153,0.135
160,0.3307,0.3211,0.3122,0.3861,0.0229,1.3403,1.3562,1.2837,1.3673,0.0299,1.2697,1.2737,1.2529,1.2825,0.0103,0.260,0.247
161,0.3997,0.4022,0.3422,0.5048,0.0529,2.1390,2.1327,2.1229,2.1800,0.0172,2.3338,2.3363,2.3196,2.3457,0.0106,0.171,0.187
162,81.8213,78.5176,74.6330,99.8441,8.0027,455.6055,455.1773,454.7700,459.0064,1.2524,540.5120,541.1415,535.0296,545.5865,5.2003,0.151,0.180
163,2.6841,2.6962,2.3877,2.9461,0.1718,23.1948,23.1810,23.1684,23.2819,0.0335,27.4053,27.4255,27.0323,27.7833,0.3490,0.098,0.116
164,84.0644,81.1438,79.6054,110.9062,9.5257,448.6823,448.4674,448.1285,449.9352,0.6018,533.7497,533.7767,529.2977,538.2257,4.6603,0.157,0.187
165,0.4972,0.4669,0.4036,0.6411,0.0934,2.4219,2.4213,2.3696,2.4585,0.0291,2.5212,2.5295,2.4651,2.5901,0.0423,0.197,0.205
166,0.4568,0.4303,0.4224,0.5552,0.0527,2.3896,2.3953,2.3421,2.4198,0.0245,2.5336,2.5281,2.4991,2.5695,0.0229,0.180,0.191
167,0.6172,0.5541,0.4286,0.9358,0.2148,2.3889,2.3898,2.3225,2.4306,0.0310,2.5438,2.5439,2.4928,2.5796,0.0279,0.243,0.258
168,0.6337,0.4612,0.4291,1.0084,0.2518,2.2572,2.2547,2.2505,2.2719,0.0067,2.4340,2.4345,2.3908,2.5021,0.0392,0.260,0.281
169,0.7037,0.7032,0.4794,0.9371,0.2295,2.2313,2.2267,2.2243,2.2505,0.0093,2.3430,2.3433,2.3038,2.3913,0.0362,0.300,0.315
170,0.4523,0.4222,0.4156,0.7171,0.0932,2.2473,2.2159,2.2072,2.3751,0.0674,2.4035,2.4019,2.3794,2.4366,0.0239,0.188,0.201
171,0.4077,0.4065,0.3927,0.4221,0.0095,2.2098,2.2051,2.1995,2.2257,0.0097,2.4118,2.3657,2.3445,2.5270,0.0719,0.169,0.184
172,0.4467,0.4210,0.3276,0.6110,0.1244,1.3168,1.3256,1.2911,1.3350,0.0169,1.2946,1.2980,1.2641,1.3115,0.0171,0.345,0.339
173,0.3456,0.3414,0.3330,0.3710,0.0114,1.3415,1.3423,1.3198,1.3829,0.0193,1.2724,1.2794,1.2321,1.2900,0.0176,0.272,0.258
174,83.5316,81.6668,79.6201,91.3411,3.8897,455.6512,455.1307,454.7600,456.9900,0.9277,540.4372,540.4363,534.8224,546.0632,5.8676,0.155,0.183
175,70.3089,69.8124,69.3823,75.3351,1.7869,355.6763,355.9536,354.8235,356.3199,0.5638,430.4525,430.4442,426.4301,434.7503,4.1352,0.163,0.198
176,73.2793,72.2637,71.7062,78.9056,2.1592,402.2650,400.5246,400.0259,415.1198,4.6172,488.1029,489.5515,483.2681,492.0528,4.1443,0.150,0.182
177,0.3016,0.2972,0.2867,0.3545,0.0197,1.5224,1.5170,1.4713,1.5828,0.0343,1.4290,1.4139,1.3867,1.4865,0.0332,0.211,0.198
178,0.2453,0.2356,0.2269,0.3116,0.0248,1.4822,1.4815,1.4074,1.5825,0.0495,1.3948,1.3976,1.3220,1.4710,0.0558,0.176,0.165
179,0.2434,0.2358,0.2300,0.3036,0.0220,1.4848,1.4865,1.4163,1.5671,0.0487,1.4205,1.4212,1.3724,1.4740,0.0310,0.171,0.164
180,0.3461,0.3391,0.3312,0.4007,0.0210,4.1659,4.1570,3.9638,4.4487,0.1399,4.5290,4.5592,4.3015,4.7877,0.1740,0.076,0.083
181,0.3384,0.3062,0.2963,0.5882,0.0904,4.4254,4.2555,4.0438,6.0811,0.6055,4.5471,4.5308,4.3760,4.7218,0.1428,0.074,0.076
182,0.3034,0.3017,0.2974,0.3163,0.0064,4.0478,4.0065,3.7086,4.3089,0.2080,4.5871,4.6236,4.4585,4.6802,0.0886,0.066,0.075
183,0.3445,0.3457,0.3110,0.3727,0.0196,4.2221,4.1711,3.8978,4.6519,0.2363,4.4525,4.4466,4.2193,4.7084,0.1463,0.077,0.082
184,0.3297,0.3187,0.3097,0.3729,0.0226,4.1479,4.1756,3.8742,4.4899,0.2295,5.0864,4.6401,4.3822,9.3424,1.5011,0.065,0.079
185,0.3815,0.3680,0.3618,0.4941,0.0401,4.2710,4.2833,4.0852,4.4382,0.1168,4.6476,4.6751,4.5449,4.7101,0.0622,0.082,0.089
186,1.3018,1.2939,1.2847,1.3677,0.0244,2.2675,2.2580,2.2295,2.3833,0.0454,2.2997,2.2974,2.1974,2.3745,0.0563,0.566,0.574
187,1.3023,1.2854,1.2474,1.4381,0.0591,2.3194,2.2957,2.2514,2.5289,0.0807,2.3113,2.3138,2.2153,2.3976,0.0627,0.563,0.562
188,1.2668,1.2535,1.2323,1.4099,0.0540,2.2522,2.2526,2.1701,2.3276,0.0674,2.2852,2.2909,2.2031,2.3819,0.0568,0.554,0.562
189,1.3004,1.2767,1.2614,1.4766,0.0667,2.2511,2.2484,2.1969,2.2992,0.0463,2.2475,2.2397,2.1411,2.3436,0.0634,0.579,0.578
190,1.3081,1.3004,1.2730,1.3876,0.0338,2.3420,2.2603,2.1380,3.4920,0.4093,2.2726,2.2701,2.1946,2.3491,0.0546,0.576,0.559
191,1.2786,1.2783,1.2736,1.2882,0.0045,2.1911,2.1833,2.1451,2.2450,0.0455,2.3431,2.3225,2.2376,2.4946,0.0737,0.546,0.584
192,0.6157,0.5491,0.4705,0.9422,0.1636,1.9619,1.9574,1.9241,2.0012,0.0275,2.0192,2.0176,1.9865,2.0651,0.0286,0.305,0.314
193,0.6775,0.6797,0.5155,0.8509,0.1641,1.5361,1.5377,1.5134,1.5623,0.0127,1.5319,1.5333,1.4933,1.5751,0.0266,0.442,0.441
194,0.4633,0.4494,0.4267,0.5122,0.0309,1.5410,1.5401,1.5205,1.5619,0.0135,1.6177,1.5441,1.4885,2.1929,0.2083,0.286,0.301
195,0.7036,0.7075,0.5334,0.8785,0.1691,1.9745,1.9886,1.8798,2.0131,0.0414,1.9617,1.9668,1.9297,1.9925,0.0238,0.359,0.356
196,0.6130,0.5273,0.4884,0.8251,0.1375,1.5525,1.5526,1.5258,1.5872,0.0186,2.1534,1.4846,1.4374,8.2034,2.1258,0.285,0.395
197,0.5367,0.5369,0.5281,0.5511,0.0066,2.0232,2.0235,1.9877,2.0474,0.0176,1.9689,1.9611,1.9322,2.0508,0.0360,0.273,0.265
198,0.5510,0.5495,0.5448,0.5680,0.0066,3.8156,3.7957,3.5844,3.9895,0.1201,4.0838,4.1552,3.9079,4.2560,0.1453,0.135,0.144
199,0.5489,0.5452,0.5360,0.5779,0.0132,3.7927,3.7822,3.6228,3.9059,0.0944,4.0564,4.0506,3.8442,4.2855,0.1205,0.135,0.145
200,0.5575,0.5557,0.5507,0.5705,0.0067,3.8571,3.7936,3.7495,4.0427,0.1102,4.1250,4.0794,4.0462,4.4585,0.1230,0.135,0.145
201,0.5722,0.5538,0.5458,0.6485,0.0396,3.9963,4.0093,3.8115,4.1926,0.1087,4.0529,4.0673,3.9702,4.1056,0.0503,0.141,0.143
202,0.5474,0.5432,0.5338,0.5814,0.0141,3.8183,3.8105,3.6853,4.0802,0.1236,4.7381,4.1854,3.9141,6.7903,1.0638,0.116,0.143
203,0.5372,0.5319,0.5280,0.5571,0.0110,3.8525,3.8082,3.6849,4.1133,0.1495,4.0503,4.0529,3.9459,4.1291,0.0628,0.133,0.139
204,0.3738,0.3695,0.3662,0.3967,0.0100,6.1087,6.1805,5.6593,6.5817,0.3088,6.8832,6.8939,6.4738,7.2910,0.2625,0.054,0.061
205,0.3784,0.3782,0.3703,0.3889,0.0054,6.3397,6.3473,6.0344,6.7347,0.2635,7.0794,7.0990,6.6810,7.5652,0.2703,0.053,0.060
206,0.3809,0.3772,0.3723,0.3948,0.0080,6.2825,6.1992,6.0462,6.5505,0.1974,6.9647,6.9761,6.4769,7.2443,0.2255,0.055,0.061
207,0.4037,0.4026,0.3928,0.4243,0.0094,6.1362,6.0812,5.5743,6.6925,0.3797,7.0276,6.9891,6.5614,7.5799,0.2800,0.057,0.066
208,0.5167,0.4511,0.3826,0.7670,0.1382,6.3641,6.3738,6.1260,6.5781,0.1482,7.1003,7.0563,6.7855,7.5625,0.2356,0.073,0.081
209,0.5958,0.5401,0.4825,0.8580,0.1381,6.4943,6.4606,6.2493,6.8092,0.2064,7.0786,6.9793,6.8346,7.4443,0.2363,0.084,0.092
210,0.6284,0.6118,0.5884,0.7706,0.0544,1.6426,1.6206,1.6009,1.7875,0.0564,1.5558,1.5546,1.5368,1.5821,0.0154,0.404,0.383
211,0.6839,0.6387,0.5801,0.9936,0.1319,1.6201,1.6154,1.6002,1.6507,0.0155,1.5690,1.5624,1.5428,1.6092,0.0231,0.436,0.422
212,0.6600,0.6170,0.5873,0.8729,0.1009,1.6210,1.6243,1.5927,1.6408,0.0151,1.5632,1.5659,1.5344,1.5761,0.0133,0.422,0.407
213,0.6224,0.6038,0.5764,0.7246,0.0527,1.6314,1.6291,1.6123,1.6550,0.0129,1.5591,1.5539,1.5320,1.6019,0.0233,0.399,0.382
214,0.7508,0.7827,0.4752,1.0036,0.1800,1.6318,1.6284,1.6220,1.6484,0.0103,1.5680,1.5663,1.5410,1.6072,0.0226,0.479,0.460
215,0.5623,0.4712,0.4330,0.9035,0.1682,1.6704,1.6662,1.6542,1.6961,0.0159,1.5756,1.5687,1.5545,1.6049,0.0195,0.357,0.337
216,1.0071,0.9172,0.8598,1.2519,0.1596,5.9517,5.8927,5.6238,6.5053,0.2807,6.5771,6.5960,6.4067,6.6738,0.0814,0.153,0.169
217,0.8554,0.8487,0.8417,0.8970,0.0166,5.8243,5.8679,5.5522,6.1365,0.1848,9.9373,7.0473,6.4427,20.0216,5.0356,0.086,0.147
218,0.9809,0.9203,0.9022,1.3017,0.1326,5.9784,5.9472,5.6517,6.4136,0.2425,6.8440,6.7639,6.4648,7.3371,0.3026,0.143,0.164
219,1.0702,1.0609,1.0436,1.1182,0.0232,5.8582,5.8460,5.6058,6.1180,0.1831,7.3211,7.3565,7.0007,7.5791,0.1931,0.146,0.183
220,0.9210,0.9104,0.9038,0.9534,0.0193,5.9011,5.8758,5.4295,6.2379,0.2471,6.9061,6.8875,6.5248,7.3150,0.2263,0.133,0.156
221,0.9238,0.9101,0.8988,1.0097,0.0337,5.7696,5.7566,5.5534,6.0543,0.1706,6.8848,6.9602,6.2078,7.3398,0.3732,0.134,0.160
222,0.8301,0.8128,0.7711,0.9267,0.0512,1.3572,1.3582,1.3379,1.3790,0.0151,1.2577,1.2495,1.1916,1.3448,0.0476,0.660,0.612
223,0.8883,0.8283,0.8109,1.2057,0.1317,1.4457,1.4134,1.3978,1.5630,0.0609,1.3107,1.2930,1.2258,1.5633,0.0952,0.678,0.614
224,0.8383,0.7768,0.6894,1.4276,0.2181,1.9403,1.4385,1.4051,4.8196,1.1305,1.3206,1.2956,1.2372,1.4804,0.0760,0.635,0.432
225,0.7743,0.7810,0.7254,0.8264,0.0327,1.4720,1.4590,1.4163,1.5987,0.0542,1.3168,1.3033,1.2518,1.4226,0.0634,0.588,0.526
226,0.7563,0.7510,0.7369,0.7825,0.0176,1.4462,1.4306,1.4101,1.6091,0.0583,1.3204,1.2860,1.2515,1.5784,0.0985,0.573,0.523
227,0.8480,0.7932,0.7455,1.0425,0.1125,1.6457,1.4737,1.4237,3.1822,0.5407,1.2477,1.2420,1.2205,1.2807,0.0211,0.680,0.515
228,1.0928,1.0380,0.9159,1.3903,0.1603,1.9789,1.9574,1.9108,2.1498,0.0725,1.7337,1.7230,1.6956,1.8071,0.0360,0.630,0.552
229,0.9669,0.9368,0.9205,1.1259,0.0658,1.9584,1.9642,1.9274,1.9826,0.0194,1.7689,1.7609,1.7010,1.8346,0.0491,0.547,0.494
230,0.9478,0.9315,0.9121,1.0515,0.0456,1.9024,1.8910,1.8460,1.9659,0.0394,1.7586,1.7515,1.7197,1.8210,0.0333,0.539,0.498
231,0.9601,0.9372,0.9253,1.1616,0.0715,1.9435,1.9363,1.9118,1.9837,0.0226,1.7744,1.7822,1.7097,1.8124,0.0360,0.541,0.494
232,0.9212,0.9095,0.9017,1.0272,0.0377,1.9247,1.9289,1.8928,1.9551,0.0204,1.8364,1.7647,1.6944,2.1242,0.1584,0.502,0.479
233,0.8227,0.8209,0.8122,0.8362,0.0082,1.9206,1.9316,1.8895,1.9456,0.0220,1.7425,1.7493,1.6535,1.8282,0.0563,0.472,0.428
234,2.0257,2.0275,2.0086,2.0471,0.0128,2.8323,2.8313,2.7259,2.9869,0.0695,2.6964,2.7020,2.6378,2.7350,0.0360,0.751,0.715
235,2.0171,2.0131,2.0003,2.0446,0.0138,2.7182,2.7176,2.6499,2.7961,0.0525,2.6768,2.6858,2.5462,2.7389,0.0568,0.754,0.742
236,1.7569,1.7570,1.7449,1.7649,0.0067,2.6885,2.6895,2.6067,2.7553,0.0555,2.6098,2.6045,2.5224,2.7094,0.0620,0.673,0.653
237,2.0282,2.0284,2.0022,2.0571,0.0182,2.6798,2.6653,2.6064,2.8263,0.0702,2.7670,2.7285,2.6393,3.1055,0.1442,0.733,0.757
238,2.0096,2.0083,1.9950,2.0333,0.0124,2.6425,2.6278,2.5644,2.7936,0.0710,2.7982,2.7422,2.7017,3.1825,0.1451,0.718,0.760
239,2.0257,2.0228,2.0029,2.0576,0.0155,2.7253,2.7309,2.6758,2.7540,0.0261,2.7128,2.7109,2.6662,2.7649,0.0306,0.747,0.743
240,0.3995,0.3973,0.3926,0.4195,0.0086,1.9668,1.9720,1.8942,2.0376,0.0513,1.8685,1.8747,1.8284,1.9149,0.0306,0.214,0.203
241,0.3882,0.3872,0.3791,0.3998,0.0074,1.9356,1.9339,1.8927,1.9826,0.0363,1.8930,1.8964,1.8091,1.9697,0.0578,0.205,0.201
242,0.4112,0.4101,0.4023,0.4231,0.0065,1.9721,1.9775,1.9326,1.9969,0.0188,1.8745,1.8842,1.8146,1.9634,0.0533,0.219,0.208
243,0.4063,0.4047,0.3971,0.4204,0.0077,1.9743,1.9814,1.9190,2.0122,0.0353,1.9030,1.8868,1.8701,1.9813,0.0399,0.214,0.206
244,0.3992,0.3976,0.3921,0.4116,0.0053,1.9803,1.9779,1.9302,2.0696,0.0399,1.8633,1.8478,1.7958,1.9198,0.0467,0.214,0.202
245,0.4090,0.4065,0.4021,0.4320,0.0086,2.0114,1.9895,1.9599,2.0969,0.0495,1.9258,1.9391,1.8583,1.9665,0.0368,0.212,0.203
246,0.6486,0.6455,0.6374,0.6696,0.0110,1.4062,1.4027,1.3887,1.4426,0.0148,1.1942,1.1932,1.1675,1.2149,0.0135,0.543,0.461
247,0.6124,0.6111,0.6036,0.6233,0.0058,1.3949,1.3938,1.3763,1.4143,0.0132,1.1958,1.1956,1.1704,1.2209,0.0163,0.512,0.439
248,0.5872,0.5861,0.5793,0.6034,0.0067,1.3868,1.3869,1.3529,1.4095,0.0170,1.1945,1.1985,1.1648,1.2390,0.0225,0.492,0.423
249,0.6450,0.6420,0.6390,0.6564,0.0067,1.3926,1.3925,1.3681,1.4294,0.0172,1.2051,1.2083,1.1806,1.2233,0.0140,0.535,0.463
250,0.6071,0.6072,0.5976,0.6147,0.0056,1.3320,1.3313,1.3015,1.3689,0.0219,1.2037,1.2072,1.1672,1.2252,0.0175,0.504,0.456
251,0.6690,0.6657,0.6571,0.6835,0.0105,1.3746,1.3782,1.3412,1.4118,0.0207,1.2028,1.2034,1.1753,1.2331,0.0159,0.556,0.487
252,0.8599,0.9233,0.6182,1.3681,0.2416,4.3842,4.3155,4.2102,4.6260,0.1539,4.6806,4.6787,4.5786,4.8887,0.0924,0.184,0.196
253,0.4872,0.4877,0.4504,0.5133,0.0195,4.4479,4.4257,4.2671,4.6517,0.1262,4.6180,4.6271,4.3675,4.9568,0.1889,0.106,0.110
254,0.9439,0.9237,0.9165,1.1106,0.0593,4.5577,4.5663,4.3728,4.7460,0.1245,4.7133,4.7041,4.5780,4.8826,0.0987,0.200,0.207
255,0.9519,0.9539,0.9355,0.9689,0.0101,4.3729,4.3456,4.2183,4.5195,0.1034,4.7444,4.7053,4.5438,4.9785,0.1373,0.201,0.218
256,0.6678,0.6654,0.6592,0.6838,0.0081,4.2817,4.2404,3.9994,4.6269,0.1866,4.5619,4.5869,4.3158,4.8550,0.1752,0.146,0.156
257,0.6713,0.6682,0.6626,0.6868,0.0078,4.4069,4.3885,4.1890,4.9500,0.2111,4.6693,4.6277,4.3743,5.1178,0.2217,0.144,0.152
258,0.5767,0.5092,0.4936,0.8777,0.1501,2.3588,2.3618,2.3158,2.3945,0.0250,2.6373,2.4156,2.3328,4.3343,0.6045,0.219,0.244
259,0.9375,0.9351,0.9265,0.9640,0.0104,2.3890,2.3435,2.3089,2.8109,0.1500,2.5122,2.4734,2.3667,2.9852,0.1776,0.373,0.392
260,0.5994,0.6026,0.5419,0.6321,0.0246,2.5176,2.4636,2.3539,3.1114,0.2236,2.5179,2.4979,2.4579,2.6307,0.0539,0.238,0.238
261,0.9644,0.9638,0.9475,0.9848,0.0098,2.3154,2.3138,2.2129,2.3864,0.0488,2.9603,2.4214,2.3611,6.1136,1.2297,0.326,0.417
262,0.9360,0.9316,0.9229,0.9629,0.0120,2.3302,2.3492,2.2453,2.3758,0.0473,2.4551,2.4025,2.3362,2.8183,0.1532,0.381,0.402
263,0.6070,0.6073,0.5991,0.6145,0.0050,2.3539,2.3450,2.3365,2.4088,0.0212,2.4844,2.4618,2.3464,2.7707,0.1232,0.244,0.258
264,0.3856,0.3840,0.3758,0.3997,0.0069,1.2770,1.2721,1.2526,1.3066,0.0167,1.2283,1.1904,1.1684,1.5845,0.1257,0.314,0.302
265,0.3733,0.3726,0.3627,0.3919,0.0084,1.2662,1.2651,1.2333,1.2863,0.0168,1.1448,1.1227,1.0849,1.3393,0.0752,0.326,0.295
266,0.3699,0.3595,0.3081,0.4719,0.0514,1.2918,1.2775,1.2508,1.4698,0.0633,1.3299,1.1603,1.1282,2.6417,0.4664,0.278,0.286
267,0.4176,0.3816,0.3697,0.7447,0.1153,1.3034,1.2950,1.2609,1.4220,0.0447,1.1752,1.1706,1.1564,1.2060,0.0165,0.355,0.320
268,0.4223,0.3949,0.3573,0.7498,0.1180,1.2984,1.2988,1.2752,1.3238,0.0169,1.2941,1.2086,1.1578,1.6329,0.1592,0.326,0.325
269,0.3563,0.3555,0.3490,0.3661,0.0062,1.2971,1.2959,1.2790,1.3127,0.0115,1.2128,1.1600,1.1285,1.4876,0.1213,0.294,0.275
270,0.3459,0.3387,0.3339,0.3903,0.0170,1.5361,1.5488,1.4870,1.5662,0.0246,1.5727,1.4772,1.4537,2.4675,0.3146,0.220,0.225
271,0.4789,0.3602,0.3288,0.9609,0.2367,1.5444,1.5434,1.5096,1.5763,0.0227,1.3949,1.3888,1.3557,1.4828,0.0374,0.343,0.310
272,0.5411,0.4510,0.4054,0.8773,0.1645,1.6602,1.6333,1.5781,1.9815,0.1155,1.5319,1.4907,1.4497,1.9485,0.1473,0.353,0.326
273,0.4924,0.4465,0.4025,0.7675,0.1175,1.6089,1.6078,1.5827,1.6383,0.0163,1.4220,1.4199,1.4014,1.4498,0.0134,0.346,0.306
274,0.3696,0.3687,0.3613,0.3809,0.0062,1.5475,1.5415,1.4987,1.5871,0.0280,1.4757,1.4731,1.4518,1.5092,0.0149,0.250,0.239
275,0.4367,0.3498,0.3237,0.7329,0.1486,1.5988,1.6139,1.5348,1.6308,0.0345,1.4524,1.4513,1.4266,1.4871,0.0160,0.301,0.273
276,0.5553,0.5584,0.5215,0.5753,0.0165,2.8875,2.8861,2.8742,2.9050,0.0119,3.0934,3.0877,3.0302,3.2109,0.0619,0.180,0.192
277,0.5598,0.5438,0.5284,0.6696,0.0435,1.7641,1.7739,1.7158,1.7899,0.0270,1.7580,1.7632,1.7254,1.7843,0.0210,0.318,0.317
278,0.8172,0.8051,0.7930,0.8670,0.0271,2.3231,2.3321,2.2630,2.3783,0.0429,2.4805,2.4633,2.3754,2.7364,0.1025,0.329,0.352
279,0.9004,0.8158,0.5749,1.5613,0.2871,2.8801,2.8778,2.8422,2.9133,0.0256,3.0977,3.0992,3.0671,3.1526,0.0248,0.291,0.313
280,0.4762,0.4728,0.4613,0.5027,0.0127,1.7937,1.7883,1.7483,1.8602,0.0282,1.7624,1.7430,1.7139,1.8949,0.0524,0.270,0.265
281,0.5157,0.5079,0.4103,0.6578,0.0750,1.7924,1.7869,1.7672,1.8349,0.0212,1.7191,1.7170,1.6392,1.7670,0.0398,0.300,0.288
282,0.6827,0.6256,0.5094,0.9777,0.1360,6.4040,6.4212,6.0740,6.8063,0.2250,7.1566,7.1912,6.8967,7.5170,0.2321,0.095,0.107
283,0.4883,0.4866,0.4781,0.5081,0.0100,6.7283,6.5315,5.9243,8.5515,0.7958,7.2914,7.2402,6.9512,7.9426,0.3125,0.067,0.073
284,0.4986,0.4968,0.4838,0.5153,0.0083,6.4344,6.4185,6.1295,6.8033,0.1989,7.1689,7.1895,6.9018,7.4978,0.2090,0.070,0.077
285,0.5248,0.5067,0.4967,0.5930,0.0363,6.4516,6.4702,6.1391,6.5664,0.1205,7.4006,7.3683,7.0802,7.7933,0.2439,0.071,0.081
286,0.6394,0.6176,0.5067,0.8544,0.1225,6.4392,6.4496,6.1586,6.5833,0.1333,7.2923,7.3669,6.9750,7.5739,0.1928,0.088,0.099
287,0.6285,0.6196,0.5776,0.7107,0.0423,6.3059,6.1523,5.8467,6.8389,0.3658,7.1680,7.1788,6.8696,7.4832,0.1994,0.088,0.100
288,0.4285,0.4280,0.4220,0.4419,0.0060,5.6451,5.6679,5.3806,5.7713,0.1208,5.8069,5.8037,5.7968,5.8292,0.0097,0.074,0.076
289,0.4539,0.4456,0.4284,0.5192,0.0292,5.8033,5.7858,5.7619,5.9702,0.0599,6.2530,6.2050,5.9519,6.5447,0.1795,0.073,0.078
290,0.5027,0.4941,0.4678,0.5770,0.0348,5.9681,5.9535,5.9326,6.0569,0.0438,6.1675,6.1737,5.8144,6.4694,0.2261,0.082,0.084
291,0.4722,0.4740,0.4481,0.4883,0.0135,5.7347,5.6562,5.4601,6.0622,0.2293,6.5774,6.5801,6.5545,6.6021,0.0144,0.072,0.082
292,0.5476,0.5325,0.5176,0.6873,0.0499,5.6616,5.6594,5.6218,5.7472,0.0373,6.0948,6.0816,5.8453,6.3655,0.1955,0.090,0.097
293,0.4655,0.4435,0.4126,0.5812,0.0564,5.9358,5.9081,5.8839,6.1702,0.0859,6.8079,6.5033,5.7677,11.3069,1.6281,0.068,0.078
294,0.8178,0.7093,0.6575,1.2947,0.2168,2.5735,2.5794,2.5026,2.6432,0.0400,2.7633,2.7424,2.5844,3.1043,0.1365,0.296,0.318
295,0.8311,0.7893,0.6169,1.2817,0.1729,1.5823,1.5867,1.5448,1.6275,0.0309,1.5856,1.5668,1.4905,1.8041,0.0968,0.524,0.525
296,0.9024,0.9266,0.6752,1.1293,0.1591,2.5587,2.5584,2.4741,2.6498,0.0509,2.7299,2.7366,2.6818,2.8101,0.0404,0.331,0.353
297,0.8249,0.7735,0.6646,1.0813,0.1608,2.5439,2.5324,2.4582,2.7467,0.0808,3.0211,2.7332,2.5488,5.7720,0.9707,0.273,0.324
298,0.5886,0.5990,0.5381,0.6117,0.0269,1.5707,1.5610,1.5273,1.6556,0.0354,1.5472,1.5325,1.4960,1.6228,0.0436,0.380,0.375
299,0.8863,0.8516,0.7709,1.0359,0.1107,2.6112,2.5953,2.5302,2.8984,0.1062,2.7697,2.7712,2.6467,2.9105,0.0689,0.320,0.339
